epoch,time,train/box_loss,train/cls_loss,train/dfl_loss,metrics/precision(B),metrics/recall(B),metrics/mAP50(B),metrics/mAP50-95(B),val/box_loss,val/cls_loss,val/dfl_loss,lr/pg0,lr/pg1,lr/pg2
1,8.26522,1.14476,2.73687,1.09954,0.00362,0.9697,0.82623,0.54815,1.0597,3.44801,0.96852,0.00036,0.00036,0.00036
2,14.2303,1.19862,1.73927,1.12165,1,0.04214,0.20678,0.14049,1.09964,3.78675,1.10953,0.000732674,0.000732674,0.000732674
3,19.6924,1.19669,1.63051,1.13717,0.89947,0.2712,0.37591,0.22403,1.46307,3.53849,1.32769,0.00109782,0.00109782,0.00109782
4,24.394,1.18108,1.51792,1.12025,1,0.61472,0.85004,0.59652,1.15471,2.69642,1.09017,0.00145545,0.00145545,0.00145545
5,31.0029,1.13471,1.44586,1.11806,0.88216,0.6806,0.74634,0.47312,1.37535,2.30271,1.23499,0.00180555,0.00180555,0.00180555
6,35.6985,1.1649,1.31648,1.11014,0.66756,0.73023,0.62143,0.37697,1.24273,1.92157,1.17721,0.001901,0.001901,0.001901
7,42.4324,1.15844,1.19242,1.1094,0.80439,0.72727,0.79816,0.53281,1.32861,1.88856,1.21318,0.0018812,0.0018812,0.0018812
8,47.4539,1.16991,1.18687,1.15782,0.84777,0.72727,0.80509,0.51887,1.32512,1.6594,1.25401,0.0018614,0.0018614,0.0018614
9,53.665,1.10673,1.10727,1.12313,0.84599,0.66586,0.7345,0.49733,1.18373,1.8305,1.14974,0.0018416,0.0018416,0.0018416
10,59.7213,1.11672,1.05823,1.12625,0.84229,0.77273,0.83977,0.5338,1.22415,1.40345,1.14251,0.0018218,0.0018218,0.0018218
11,65.5044,1.09521,0.99869,1.11512,0.8643,0.77205,0.86324,0.53827,1.27915,1.60315,1.15201,0.001802,0.001802,0.001802
12,71.109,1.08814,0.92715,1.10095,0.86563,0.90909,0.94297,0.61838,1.21897,1.06512,1.11757,0.0017822,0.0017822,0.0017822
13,76.4804,1.07913,0.94227,1.11119,0.82633,0.78788,0.84212,0.54247,1.26065,1.31907,1.18058,0.0017624,0.0017624,0.0017624
14,82.3338,1.10842,0.91221,1.1394,0.951,0.77273,0.91536,0.58094,1.32388,1.14372,1.1993,0.0017426,0.0017426,0.0017426
15,88.0408,1.04548,0.85534,1.07517,0.92833,0.89394,0.96609,0.61705,1.17089,1.10951,1.12419,0.0017228,0.0017228,0.0017228
16,94.129,1.04446,0.82389,1.06758,0.9315,0.89394,0.9478,0.61938,1.22059,0.93385,1.12251,0.001703,0.001703,0.001703
17,99.5584,1.05344,0.80662,1.07504,0.86393,0.72727,0.86586,0.59805,1.2071,1.12968,1.08708,0.0016832,0.0016832,0.0016832
18,106.058,1.02603,0.78904,1.05816,0.87751,0.87879,0.93228,0.61385,1.1323,0.96908,1.07829,0.0016634,0.0016634,0.0016634
19,111.54,1.04381,0.79736,1.0639,0.88447,0.89394,0.94354,0.62148,1.16075,1.08276,1.08262,0.0016436,0.0016436,0.0016436
20,116.615,1.03728,0.77302,1.06541,0.96581,0.85607,0.92658,0.61165,1.26593,0.93713,1.12528,0.0016238,0.0016238,0.0016238
21,122.61,1.02993,0.73043,1.07234,0.95437,0.84848,0.932,0.63792,1.17939,0.78613,1.09188,0.001604,0.001604,0.001604
22,127.899,0.9898,0.71418,1.04089,0.92383,0.87879,0.93167,0.63378,1.18462,0.82522,1.08163,0.0015842,0.0015842,0.0015842
23,134.115,1.00069,0.68807,1.05599,0.96625,0.86756,0.92979,0.59824,1.32652,0.85173,1.16916,0.0015644,0.0015644,0.0015644
24,139.272,1.04063,0.70902,1.06976,0.87875,0.87849,0.91439,0.63238,1.16484,0.86011,1.09222,0.0015446,0.0015446,0.0015446
25,145.296,0.99195,0.68274,1.05951,0.98075,0.77176,0.91595,0.63607,1.1138,0.85105,1.06897,0.0015248,0.0015248,0.0015248
26,150.696,1.00266,0.64779,1.06229,0.96868,0.93713,0.96573,0.64339,1.24123,0.70919,1.10106,0.001505,0.001505,0.001505
27,156.068,1.01865,0.67668,1.05335,0.92305,0.9087,0.9496,0.64361,1.22405,0.90152,1.10535,0.0014852,0.0014852,0.0014852
28,162.125,0.99905,0.68013,1.05894,0.94729,0.81688,0.9187,0.6434,1.14362,1.01473,1.06098,0.0014654,0.0014654,0.0014654
29,167.235,0.94369,0.65525,1.0416,0.91049,0.87879,0.95264,0.64867,1.13264,0.8857,1.06007,0.0014456,0.0014456,0.0014456
30,173.2,0.97816,0.64758,1.03233,0.9655,0.84799,0.92786,0.63019,1.16321,0.87548,1.07256,0.0014258,0.0014258,0.0014258
31,178.35,0.95188,0.63947,1.01101,0.96209,0.92424,0.97249,0.65251,1.18566,0.75111,1.09136,0.001406,0.001406,0.001406
32,184.334,0.97376,0.6411,1.04504,0.98346,0.90118,0.96545,0.60729,1.37134,0.7204,1.15255,0.0013862,0.0013862,0.0013862
33,189.639,0.9159,0.62115,1.01724,0.98231,0.84163,0.93252,0.62662,1.13517,0.82406,1.05902,0.0013664,0.0013664,0.0013664
34,194.73,0.93716,0.612,1.03604,0.98273,0.86221,0.92519,0.53573,1.59157,0.80647,1.26061,0.0013466,0.0013466,0.0013466
35,200.707,0.9143,0.61995,1.01697,0.91442,0.89394,0.95637,0.61714,1.25301,0.94561,1.11214,0.0013268,0.0013268,0.0013268
36,206.267,0.92055,0.61308,1.01399,0.94896,0.90909,0.9515,0.65465,1.1606,0.73733,1.07677,0.001307,0.001307,0.001307
37,212.161,0.94466,0.61414,1.03811,0.97196,0.87879,0.95661,0.58777,1.43788,0.82025,1.19105,0.0012872,0.0012872,0.0012872
38,217.426,0.95491,0.61706,1.03228,1,0.87304,0.95833,0.60153,1.35314,0.68394,1.15974,0.0012674,0.0012674,0.0012674
39,223.17,0.90721,0.60126,1.01343,0.97916,0.90909,0.94402,0.58412,1.3106,0.69628,1.16738,0.0012476,0.0012476,0.0012476
40,228.82,0.89511,0.56337,1.02476,0.93914,0.89394,0.95063,0.5832,1.3549,0.74981,1.18895,0.0012278,0.0012278,0.0012278
41,234.125,0.91103,0.58348,0.99745,0.97128,0.90909,0.94673,0.60026,1.31072,0.76706,1.16397,0.001208,0.001208,0.001208
42,239.816,0.91172,0.61007,1.01245,0.94985,0.861,0.9443,0.6321,1.22482,0.72912,1.10247,0.0011882,0.0011882,0.0011882
43,245.127,0.92709,0.5868,1.02701,1,0.88904,0.94762,0.6448,1.25582,0.89146,1.10814,0.0011684,0.0011684,0.0011684
44,250.946,0.93421,0.60251,1.02285,0.97549,0.90909,0.94771,0.66162,1.11417,0.7982,1.06129,0.0011486,0.0011486,0.0011486
45,256.223,0.89307,0.55117,0.9761,0.98187,0.92424,0.95497,0.68326,1.07451,0.72043,1.04529,0.0011288,0.0011288,0.0011288
46,261.647,0.87336,0.54453,1.00272,0.93619,0.88917,0.94395,0.62139,1.27288,0.62714,1.13824,0.001109,0.001109,0.001109
47,267.639,0.88467,0.55189,1.01073,0.92427,0.92463,0.97285,0.64392,1.2211,0.7175,1.12451,0.0010892,0.0010892,0.0010892
48,272.859,0.87955,0.54192,0.98836,0.95309,0.92355,0.97107,0.65085,1.20506,0.61648,1.10957,0.0010694,0.0010694,0.0010694
49,278.979,0.86002,0.55722,0.99393,0.95416,0.94622,0.97036,0.65684,1.14119,0.59736,1.07856,0.0010496,0.0010496,0.0010496
50,284.44,0.87509,0.55469,0.99984,0.96507,0.89394,0.95321,0.63649,1.21806,0.63068,1.1088,0.0010298,0.0010298,0.0010298
51,290.395,0.83864,0.51783,0.97129,0.96747,0.93939,0.97283,0.71454,0.98286,0.5561,1.01496,0.00101,0.00101,0.00101
52,295.489,0.87398,0.53159,1.0167,0.9874,0.92424,0.97094,0.61792,1.32344,0.62359,1.14516,0.0009902,0.0009902,0.0009902
53,301.161,0.84507,0.52345,0.97871,0.95366,0.9354,0.97313,0.65904,1.17396,0.65066,1.08644,0.0009704,0.0009704,0.0009704
54,307.081,0.82079,0.52036,0.9742,0.93622,0.92424,0.9599,0.65943,1.20499,0.58771,1.0994,0.0009506,0.0009506,0.0009506
55,312.505,0.8406,0.52561,0.97077,0.95236,0.87879,0.95269,0.63096,1.28407,0.63422,1.11963,0.0009308,0.0009308,0.0009308
56,318.711,0.82412,0.50922,0.99458,0.95266,0.91482,0.97007,0.65925,1.17956,0.63767,1.09489,0.000911,0.000911,0.000911
57,323.964,0.82597,0.48462,0.96322,0.94314,0.89394,0.9602,0.68311,1.12318,0.63087,1.07729,0.0008912,0.0008912,0.0008912
58,329.678,0.8148,0.49561,0.96971,0.93725,0.90534,0.9539,0.61523,1.3613,0.61495,1.18496,0.0008714,0.0008714,0.0008714
59,334.944,0.80901,0.4927,0.97927,0.96615,0.90909,0.9732,0.65384,1.20141,0.58397,1.0994,0.0008516,0.0008516,0.0008516
60,340.685,0.80565,0.48633,0.96312,0.96142,0.90909,0.95729,0.6666,1.17065,0.62314,1.08433,0.0008318,0.0008318,0.0008318
61,346.367,0.8239,0.48257,0.97114,0.96663,0.87783,0.91613,0.60714,1.28019,0.67908,1.12781,0.000812,0.000812,0.000812
62,351.558,0.79322,0.48496,0.96765,0.95936,0.89394,0.92744,0.65722,1.19091,0.63075,1.09593,0.0007922,0.0007922,0.0007922
63,357.556,0.82324,0.49649,0.97585,0.9521,0.90364,0.94503,0.60397,1.35083,0.61357,1.17405,0.0007724,0.0007724,0.0007724
64,362.968,0.77126,0.47144,0.95889,0.9487,0.90909,0.95935,0.65835,1.19549,0.61598,1.11622,0.0007526,0.0007526,0.0007526
65,368.898,0.79439,0.46629,0.95401,0.96363,0.90909,0.9498,0.66894,1.17086,0.64109,1.11367,0.0007328,0.0007328,0.0007328
66,374.131,0.76663,0.48925,0.96858,0.96359,0.90909,0.95997,0.63532,1.20152,0.57056,1.12053,0.000713,0.000713,0.000713
67,379.164,0.76868,0.47128,0.95735,0.97817,0.89394,0.97377,0.62754,1.25952,0.56112,1.14582,0.0006932,0.0006932,0.0006932
68,385.318,0.75395,0.47948,0.95802,0.92099,0.92424,0.9541,0.63089,1.28342,0.5808,1.1462,0.0006734,0.0006734,0.0006734
69,390.763,0.72695,0.45823,0.9367,0.93718,0.93939,0.97413,0.64978,1.21275,0.63589,1.09873,0.0006536,0.0006536,0.0006536
70,396.794,0.7327,0.4712,0.96383,0.96791,0.91401,0.97504,0.67084,1.18233,0.59536,1.09506,0.0006338,0.0006338,0.0006338
71,402.182,0.78675,0.4709,0.96788,0.96213,0.90909,0.97174,0.65091,1.2509,0.57739,1.11892,0.000614,0.000614,0.000614
